rudder,i,passed,lost,timed_out,t_finish,straight_max,straight_rms,xt_max,rounding_wide,mark_min,lat_g,clamp_frac,vent_events,servo_cop_offset_kgcm,Iz_fac,Xudot_frac,Yvdot_frac,Nrdot_frac,Yv_fac,Yr_fac,Nv_fac,Nr_fac,CLa_fac,k_surface,x_cp_frac,delta_vent_on,k_vent_loss,x_cg_frac,backlash,r_rudder_arm,tau_thrust
as-built MHZ C5000 (30 mm x 3 in),0,False,True,False,,40.15912867285487,23.379384205076544,150.38582516400533,154.31242551004803,93.97680551658924,0.11169962559430895,0.0,0,4.791847064925226,1.2556638056268388,0.06985282039263788,0.16730273267179271,0.16608732479175015,0.3640041623579781,0.8027178051415735,0.20251437472875997,0.6459216572912642,1.0585698325737865,1.7776339540421864,0.20954910300969826,0.2230544437639973,0.5028060378628335,0.31388154172057936,0.01371895717261445,0.02206706197083665,0.11735325437729116
as-built MHZ C5000 (30 mm x 3 in),1,False,False,False,208.0,25.927539928258962,5.977291516665865,111.70792478148996,111.55485966341968,23.653479758638223,0.8499539276101907,0.0,0,9.218982126621194,0.5612709111791829,0.04822599806417542,0.15774543029321617,0.07801372087743712,1.0907219599105311,0.45389087157327157,0.7093196129780966,1.7290106237895033,0.7950550359238263,1.6035100758008198,0.3025771453971463,0.23551095803068806,0.5332515275088523,0.31986251961874734,0.028543165821382995,0.01145787862690366,0.19859198850578358
as-built MHZ C5000 (30 mm x 3 in),2,False,True,False,,150.09027430418186,85.46010339841231,150.09027430418186,0.0,25.0,0.3278036614183014,0.0,0,5.626872007334345,1.2376179029212757,0.08170932674257116,0.30777492853350497,0.20891857940385483,0.326747831671771,0.38345183311686754,0.7963462560589587,1.4272289374615066,1.087861009963217,1.722436893645451,0.2458749353651761,0.2387680912960731,0.6437757257568184,0.2762826841277805,0.01782308462314747,0.022477919892911674,0.2771649057802712
as-built MHZ C5000 (30 mm x 3 in),3,False,False,True,,inf,inf,18.860853343560514,229.40527545686396,22.254270100725673,4.929834837389163,0.0,1,3.179243812838997,0.5037889337077862,0.07954885043782575,0.2554643734405053,0.26124290792804195,0.445676430510506,0.9760132166648147,4.676414103618399,0.8356501774437173,0.9635960289692354,1.8591921458246685,0.17660684743303556,0.2500593191289334,0.5869987225054039,0.2805040733683639,0.033293144250991634,0.019167314265565123,0.1545533788136375
as-built MHZ C5000 (30 mm x 3 in),4,False,False,True,,inf,inf,28.68694058663536,142.83644550542397,16.941254772130762,4.804341579869553,0.0,1,4.763031721642969,1.174196311791246,0.07652271116451369,0.2460032602207351,0.3039612464236421,1.3985835005438256,0.7010913409067921,2.3706141528667763,0.41459639404211673,0.46353448057990465,1.2323053977973926,0.34670368790617034,0.21592884863927997,0.661562592005651,0.3212753440594615,0.026230388634682383,0.011564157988775102,0.12187950702712899
as-built MHZ C5000 (30 mm x 3 in),5,False,True,False,,4.747610479417292,2.3892788616008582,150.40872735237176,150.76318972479015,23.65419029088482,0.17439099470797204,0.0,0,5.490406242354335,1.0488664726855998,0.06878522068574995,0.2831318788306271,0.16859745507040505,1.9452536760317738,0.2962096976513816,0.4084026950611255,0.8612786086948364,0.8252013076054596,1.091738963328081,0.3225023651927118,0.19797833405212617,0.5404508760238672,0.25643584448263235,0.029610862598057928,0.020145115965803637,0.28146493674597295
as-built MHZ C5000 (30 mm x 3 in),6,False,True,False,,1.1015724316944127,0.5191875358510458,150.17263250537997,151.36231148451444,25.64232658672017,0.2749667582833689,0.2783123612139156,1,5.340875333683349,0.6708040952438261,0.08452890489569305,0.3803103246129201,0.3328696618022913,4.577534452204458,1.642310827088702,0.5011433184501288,1.2731788556683523,0.6142169920756374,1.6526575171980622,0.16122892752518636,0.10629008749611082,0.3882191142782167,0.3176668299888865,0.003638346900171682,0.01407777704602425,0.10534490880557401
as-built MHZ C5000 (30 mm x 3 in),7,True,False,False,176.23,4.386089266296856,0.9124646465896764,53.37168055425769,53.37692872640655,24.63058282770056,1.1300464401083334,0.1334467120181406,0,4.298298481452467,0.9933094668944152,0.1379226357331242,0.34756168773350987,0.17464343783782807,3.371661443631147,0.6866935401591793,4.290025839533224,3.9955053969870655,0.4998936671270753,1.4840144930180448,0.33412563241478266,0.17335878807646987,0.4956296220602575,0.28684243247445756,0.016718853670556783,0.018281531430302846,0.16236356154576287
as-built MHZ C5000 (30 mm x 3 in),8,False,False,True,,inf,inf,27.45465899669138,204.33605761637514,10.318328932366454,2.114654694937816,0.0,1,1.3236536381500095,1.2709808899773822,0.14169273473760155,0.22196077613028276,0.05663126781603972,0.2984356754589317,0.33646134052178267,2.0999201461746164,1.5570467157947445,0.5155925468372069,1.142781573960084,0.2222206676190381,0.19367039802122293,0.32716155739672215,0.2774032495903518,0.02045480746290946,0.017584866966668163,0.26330380867721903
as-built MHZ C5000 (30 mm x 3 in),9,False,True,False,,150.0480761681824,100.16601545638613,150.0480761681824,0.0,25.0,2.3092202095314485,0.9590243902439024,2,4.024724969764387,1.0810091886232216,0.11391255891005103,0.10451554209210245,0.3925998856080981,0.5591011192109546,0.872249360801131,0.48502346288800996,0.4907791887645313,0.49010664936819837,1.8003203369707084,0.1510006302069027,0.14454416827267286,0.48018928497374724,0.2979424694324248,0.007093526790431089,0.016241129447518182,0.13697619644588685
as-built MHZ C5000 (30 mm x 3 in),10,False,False,False,218.12,71.11935913938888,14.433439758212689,131.87112923262944,132.56068510311817,24.72772363341421,0.7559661748578936,0.48991750687442714,0,13.551361013456177,0.5219459723284959,0.048052326826355046,0.2536182737339631,0.2674385912055034,3.514105350586553,0.5543967033772753,0.3718653836465471,1.8486359390363218,0.9996138095874235,1.744698071616074,0.3146075554733989,0.13680580196446782,0.30714009542969184,0.2680986641755528,0.029869870245248765,0.011989480570633704,0.20437698786347963
as-built MHZ C5000 (30 mm x 3 in),11,False,False,True,,inf,inf,16.782834335188515,187.43512778731022,20.068482044528626,7.257682342488766,0.0,1,3.1389323592696585,0.6656967144211656,0.029461820641111948,0.057115064680249905,0.23655433916537377,2.1372205535712965,1.5686448789621956,3.531729507733255,0.31718560936021056,1.1407768149493882,1.4337150142737223,0.29094778589994613,0.17902960369090304,0.4410504610131774,0.29047576548172294,0.018700701787700547,0.022538247481556563,0.2957715375604436
as-built MHZ C5000 (30 mm x 3 in),12,False,True,False,,4.428237121254516,3.0805184621240045,150.39018557854823,150.79242719914092,29.09547501182571,0.12919311513133308,0.0,0,12.00493619877076,0.6991480191972219,0.12615259234624554,0.3581302142615851,0.3513494122436961,0.798831483781791,2.314351438146617,1.1069471644862254,3.802879857777437,0.9379555439511977,1.8274710314822435,0.26672418542042237,0.2078393154982301,0.34101577985004716,0.26026461324814654,0.0020632952070027463,0.011106866658212571,0.13260135187979696
as-built MHZ C5000 (30 mm x 3 in),13,False,False,True,,inf,inf,74.83697487457812,207.41508781782454,34.62536562205916,8.333576786776232,0.9895528455284552,2,7.098986503343736,0.9521578179362866,0.13021458686967355,0.21039210673693914,0.37290176827094224,0.2536896970330152,2.889560302743221,2.2162289732205895,0.24005580104338325,0.740932426106939,1.8687916491250331,0.3328964311139726,0.16724458615314922,0.6940093967345304,0.2704828317434563,0.009619626918609119,0.018631230495321748,0.11441913417303716
as-built MHZ C5000 (30 mm x 3 in),14,False,True,False,,1.0073610225348808,0.4199110472734955,150.26108844663386,150.3919192023209,25.29873082462208,0.3461070294448029,0.2799113737075332,2,5.8121049925264785,1.132294549312796,0.03372244855950862,0.3233676733194989,0.27337302370542066,3.2082140855150585,1.9804988170765117,0.6266100655033154,0.5580892212173895,0.6701088170828958,1.390602748151593,0.3106814199851892,0.13298466853751637,0.5563439571538052,0.30003219215705157,0.012761600867049295,0.01628202974216395,0.19471945782708522
as-built MHZ C5000 (30 mm x 3 in),15,False,False,False,219.71,63.988226678709516,12.468668699318481,133.51575262744132,133.3557966322423,24.097061718247772,0.7607322997141833,0.0,0,3.8760092562545125,1.0620796893515336,0.037943965652827955,0.18127421970267849,0.13583834824647203,1.2598763401950634,4.199081175012828,1.3314998267561196,2.1288974064208293,0.5373761641447234,1.0119289635871447,0.28704275545294217,0.20379490017380564,0.35769657167691726,0.27871016667349907,0.0237364538521806,0.01822029600880319,0.2012237355026325
as-built MHZ C5000 (30 mm x 3 in),16,False,False,True,,inf,inf,46.74079797363893,312.4599471928744,25.166100854863714,6.946551534031803,0.9973577235772357,3,7.523433584752895,0.7647746653221252,0.06625150607496075,0.09456395563486605,0.15317529701160368,4.355573190662642,0.6465330867309566,3.899117361351598,0.36240901540752013,0.9178634811885066,1.7010116089955567,0.2656464666952252,0.16463236149246738,0.6127835544308282,0.3483783123070542,0.02713843401200675,0.0173782325139687,0.23363840275682327
as-built MHZ C5000 (30 mm x 3 in),17,False,False,True,,inf,inf,4.903202457309671,220.8388396453702,21.63603601226623,7.525161027388244,0.9955691056910569,1,5.669291958497296,1.0266936873615617,0.08708987907946653,0.2155137295351831,0.12831064986079121,0.39761012058159073,2.075149383250854,2.985950646843603,0.3408409187047303,1.1993472192534282,1.3327125574785323,0.30905260379288946,0.12403966772878477,0.5184580803512167,0.34183266384687233,0.015903651158608912,0.021044430536791506,0.2287684544143786
as-built MHZ C5000 (30 mm x 3 in),18,True,False,False,164.25,4.114371469378109,2.392092185623836,32.01761902488363,31.817541171655556,22.017887058514944,1.9362186917823963,0.0,0,4.53578988072022,0.9365549064881582,0.024774829791670495,0.1631648309930963,0.05112150667364537,1.0390487488725741,0.40379601910779334,4.234579604078542,4.268826094523375,1.0225398660018583,1.5412890038817055,0.27729606455123834,0.18938961691274558,0.6592965960463284,0.32679506330043673,5.258630432490519e-05,0.024307874578451828,0.28846260332930135
as-built MHZ C5000 (30 mm x 3 in),19,False,True,False,,3.0312408264248916,1.9154296576999277,150.0152106421048,149.80456259433015,25.282760916324946,0.12621578244471565,0.0,0,6.834393414549034,1.1545628863748332,0.03193244372968344,0.3261145562714748,0.11940340943359909,2.609734110872384,1.0559750935239427,0.655095599326647,4.16357927236867,0.649798606778663,1.2407598908950745,0.34218531624581733,0.24865125534628468,0.5714823648174118,0.3374201585008869,0.012819769534707773,0.015239256550827435,0.23995096236940502
as-built MHZ C5000 (30 mm x 3 in),20,False,False,False,180.53,5.249351663615959,1.4109562633118053,57.71206026499166,57.61756082646417,24.62185094232154,1.0491752951508577,0.11150442477876106,0,6.450194142786831,0.7782908916647004,0.05628700347953593,0.13878967029609085,0.2147766571568659,1.7034408650526507,1.4335122273075265,1.6310808188135917,3.0572562254368223,0.94840796982961,1.1519040771404883,0.27162469975181064,0.17554874544866872,0.41582312525279097,0.2520777492691112,0.021426336283423164,0.01723230249091138,0.24817328900764782
as-built MHZ C5000 (30 mm x 3 in),21,False,False,True,,inf,inf,10.755313677410339,218.98902224348637,14.554172944414905,2.861566055368662,0.0,1,1.6873159068322274,1.405073139786993,0.035779230293900406,0.07322351210054637,0.3948775760052282,0.26961998638532503,0.25583982137530037,4.854718234754747,3.1040161116619926,0.6567783209976894,1.0633588542737547,0.2167724863703533,0.24342321102816974,0.4297885061895166,0.3095567411077844,0.0026895527280871873,0.02083048314669688,0.1702914063681655
as-built MHZ C5000 (30 mm x 3 in),22,False,True,False,,7.407164526404931,4.4775301316639755,150.25191552243191,150.2087628782364,49.24017471803432,0.23683531872059643,0.0,0,4.169718817598055,1.2892574413324047,0.14771003173470917,0.20672239486320776,0.24656995962908712,0.35582444688515635,1.2658419076922431,0.38409306578632085,4.889471741298118,0.8020482479499955,1.5903663082167,0.18749532508243247,0.2549158901126162,0.45468219981596636,0.25972528175368315,0.008739160728422865,0.020696465693936125,0.2142584962656533
as-built MHZ C5000 (30 mm x 3 in),23,True,False,False,167.98,3.5002506173529233,2.0743722738217745,36.87013848187643,36.69081643515219,21.921135463887023,1.4681183171442018,0.08382877526753864,0,4.7242782918140795,0.6099718125597865,0.0974976103114523,0.10854540139427646,0.35432024742007945,0.5339266772421397,3.1338129579776797,1.7478079942102749,3.570207065198983,0.8826333422721379,1.4136052741727867,0.3176608075002723,0.13065048088299921,0.4788438940459262,0.2569569503203962,0.028348903628985577,0.02036754202215819,0.11261500368706552
as-built MHZ C5000 (30 mm x 3 in),24,False,False,False,182.66,9.928064559652864,4.873137198120242,38.757936811971994,38.59779912846158,19.84113168088542,3.963581664732263,0.6502732240437158,233,5.82283716909243,0.9681944125257489,0.04574724293811487,0.10047682746049044,0.08040148469048043,2.313084227681125,3.0682354059253014,2.8594082926775926,1.0198148491697723,0.591316174172094,1.4195699049774335,0.32539026672819016,0.12595124633753552,0.683628151065858,0.33922108720171285,0.024438133103612293,0.016622262576693456,0.22139453763731717
as-built MHZ C5000 (30 mm x 3 in),25,False,True,False,,35.137329481457215,21.119341369896905,150.20146349525587,150.2065439882159,80.94625185170045,0.04067443817603912,0.8630999213217939,1,6.2682504923426166,1.4240147801812686,0.06415267268883423,0.20055597253118934,0.22381900748971512,0.9173710595970709,0.20726445912045494,0.217532897762473,4.71436140193803,0.764447839697322,1.2730265997396322,0.2739127205720872,0.12144632772939497,0.6681452908118942,0.291669495638606,0.03382216196967716,0.013815381410542107,0.22626127370379184
as-built MHZ C5000 (30 mm x 3 in),26,True,False,False,163.98,4.013785943643181,2.33304035084077,33.957837364794855,33.78544185264775,22.354588028602233,1.7141915522212496,0.0,0,4.846017760314208,1.38627210533802,0.1022846527273924,0.06285566750015621,0.1984752894065978,1.5239739876887026,0.31168622985277994,0.5829803854014199,0.9519615931803407,1.0048588407082448,1.5174232677718633,0.21262013944402675,0.15262785424819383,0.5376855053013412,0.2539826716411302,0.025072459686658912,0.015443795134630255,0.2844313567754475
as-built MHZ C5000 (30 mm x 3 in),27,False,False,False,222.24,53.81085815708392,11.154916879120286,133.15611001764063,133.19988837902713,25.14303332173415,0.6757566713340567,0.0,0,5.4711953496244705,1.3000837055619523,0.112301836973755,0.1956519745260888,0.38466570934676436,2.049659530701286,1.2151690475479435,0.8583112112154887,3.421330398303871,0.8758298258882329,1.1818662132341298,0.1706300152354596,0.2141301793230193,0.5653557489423853,0.2693172015462001,0.006873630584713539,0.024238354350134758,0.12433794711438648
as-built MHZ C5000 (30 mm x 3 in),28,False,True,False,,1.9024966078383003,1.207421725091797,150.23073461940254,150.02057114322474,25.746462449807265,0.38610318195364773,0.0,0,6.86702993288998,0.5466227576222122,0.027696110401983512,0.2707462518343566,0.10484459747106334,3.7689479051177246,4.408596947582087,0.6046617110261342,2.267544426486339,0.7197537846703442,1.4616787375541032,0.26116242849380694,0.22946215667705608,0.3196047174618275,0.2619282405769968,0.02008005490134223,0.01895554559879252,0.250340201092467
as-built MHZ C5000 (30 mm x 3 in),29,False,False,False,210.76999999999998,36.292728535389486,7.469660370036553,115.87177595881602,115.89266837800648,24.7772003900657,0.7799496688188808,0.0,0,5.354839595221188,1.231724233446804,0.11545380558304272,0.29982328224722793,0.09003369614562534,4.940680074092788,0.49536778731614783,1.1600917253258434,2.4986103197627374,0.5818522882867946,1.9802822070425419,0.194675943940343,0.2611962843671753,0.5216968157956257,0.3123026469634218,0.025686501890646325,0.021279134920322223,0.2682644455724462
as-built MHZ C5000 (30 mm x 3 in),30,False,False,False,201.88,15.328453951737215,4.707937529498733,95.88684206961324,95.70421507109414,25.17536293268608,0.8166165524356074,0.0,0,4.061925646974118,0.8910865525617009,0.1330325053875817,0.3340042087314059,0.0988916015584198,1.2295110165259964,0.8250088546944049,1.837855473500077,2.828425877149082,0.7035893389930897,1.5154991549185521,0.15518538262007375,0.18356531454523353,0.44809644309523006,0.30456205003654463,0.02190045617307112,0.02350568657551816,0.17955934444567861
as-built MHZ C5000 (30 mm x 3 in),31,False,True,False,,150.02800903504016,93.3870618796375,150.02800903504016,0.0,25.0,0.16963204968361906,0.9385964912280702,1,3.1832687287539447,1.1944173153899922,0.0729158027763785,0.29470444187325084,0.2957346803828766,0.854995727742809,1.4786861708534418,0.2791620342028621,0.2495352397584412,0.6013329363317209,1.0256869623600822,0.2316171171581966,0.11033037731070935,0.4128048268765344,0.2742857009909934,0.032504136095949036,0.010777696024824143,0.29191631374971827
as-built MHZ C5000 (30 mm x 3 in),32,True,False,False,170.04999999999998,2.689619818257816,1.509390038660729,42.78985626705881,42.60328473057275,23.183895313165724,1.3537135314985178,0.0,0,8.905143886185392,1.0142456984062334,0.059363847899863834,0.13384139314028262,0.14854922296344691,0.6962961721919155,4.569277753653789,0.23629824254692205,0.29068622571801206,1.1090960028010577,1.0699514400648094,0.2512194807617377,0.22199801914383835,0.5832917663764996,0.3250147543509918,0.0010623699140007205,0.010152186952859465,0.18551663578985292
as-built MHZ C5000 (30 mm x 3 in),33,True,False,False,164.20000000000002,3.5591384124552423,2.1616073703110334,35.392751114030744,35.29141341732561,22.465583727252145,1.7136922731002686,0.0,0,2.231412790344216,1.1091031001513727,0.0618848369750781,0.3137456102552319,0.2390743858004038,2.6440113420869853,1.3543938485234863,1.915871361341019,0.22541436925639466,0.571925394334077,1.1181463839739547,0.24119744507853863,0.23787919916428021,0.3661981224091052,0.28478861392387406,0.004311067199140581,0.02192567895837779,0.24628561715157446
as-built MHZ C5000 (30 mm x 3 in),34,False,True,False,,150.06141668659296,92.55751752347324,150.06141668659296,0.0,25.0,0.3760012573728966,0.0,0,9.368301102402938,1.141583132334647,0.052321796529755535,0.26167920231615033,0.09116393503419903,0.28435809001812323,2.1485065079527743,0.8069513345130214,0.39433675078263414,0.7552786610208659,1.5825738314802142,0.3375691065912299,0.21801507839900805,0.5935982831847371,0.28845282445241033,0.01452306628341205,0.010606081320642608,0.2557472896962154
as-built MHZ C5000 (30 mm x 3 in),35,False,False,True,,inf,inf,10.946368215351587,228.4048784107435,14.327526298770822,3.771640463261249,0.9913008130081301,3,2.43721712956812,0.9302629400570801,0.13153384287843792,0.39695330765131204,0.11402807901273372,0.23999188216885353,0.22339963109089628,3.2309645616617755,0.7620446195852176,0.5594032969384979,1.631007969730936,0.16810774450801713,0.11853575967814566,0.47042797021647426,0.3289386191651906,0.01136491474578881,0.016830847715558664,0.10257012617164553
as-built MHZ C5000 (30 mm x 3 in),36,True,False,False,165.38,3.7705495174031376,2.1977939115739633,34.35202634958284,34.14045633594149,23.141682151201856,2.077832197647725,0.000966183574879227,0,6.863564149795954,1.4358367056843784,0.14405932536470595,0.17601772488516532,0.06845763028351556,1.1714058046663551,0.6028456357540309,1.3976743144325576,1.514599687240215,0.9203440338184109,1.9027482302269538,0.28405052531628827,0.11641097991483995,0.6182340657477751,0.29420707289732884,0.03447212296813285,0.012699634769212757,0.13653953235751423
as-built MHZ C5000 (30 mm x 3 in),37,False,True,False,,2.004963560761455,1.277893998255999,150.07591736983414,152.5036839161705,26.727733247216534,0.2389406342694843,0.29645697758496026,1,5.231241964351748,1.3511347948247991,0.11915289078496122,0.3913144073633248,0.2877118072101005,4.117791686108823,0.28716218929044146,0.25975270119272004,2.6684396741201613,0.8540529113244255,1.5560160794413982,0.295881807982047,0.10821070701140448,0.6506996883095312,0.3322079515003933,0.018424797863417917,0.01945804711730852,0.21718072687366563
as-built MHZ C5000 (30 mm x 3 in),38,False,True,False,,150.1723445228685,97.84202966500725,150.1723445228685,0.0,25.0,0.44488428250029805,0.0,0,7.065320134808998,0.7406973277694635,0.04271059625419149,0.3383730250267123,0.15800598591607296,0.31732635596580533,2.4119107840216545,0.977431829306137,0.4387903833081107,0.6303161413284122,1.6689342660954254,0.1767285105399739,0.25850873282349773,0.4039385978473564,0.30274637263912396,0.019305081218775038,0.013582557164201205,0.14963070136706255
as-built MHZ C5000 (30 mm x 3 in),39,True,False,False,166.72,2.610557449811898,1.8885616115527966,39.819982395870234,39.825176830903246,23.1054614373436,1.3835448170290894,0.0,0,4.579173665036398,0.5888802321311064,0.07606825841394184,0.14824290551243346,0.2916838418753198,1.3694778530917004,0.2114228714845608,0.3407998701798305,0.21285394713292283,0.84890615504898,1.2932270881269678,0.2486299348353172,0.19904768622244373,0.4342545436187156,0.29659525356418276,0.0013603913320490418,0.01564235829154792,0.26382493143377017
as-built MHZ C5000 (30 mm x 3 in),40,False,True,False,,inf,inf,150.03212693200473,0.0,25.0,1.1225835072168688,0.0,0,7.080732041112283,1.4536321477180905,0.09295191215101803,0.3443462010978022,0.187022152751525,0.4142480258587073,3.900155687084111,0.31486209039303026,0.5123271062308465,1.1697172372790399,1.885685928535393,0.20369169017112648,0.19410007077759567,0.39872083977371375,0.3454810096417564,0.00808067855846721,0.02287630481049402,0.17514235397509692
as-built MHZ C5000 (30 mm x 3 in),41,False,False,True,,inf,inf,31.566105272407682,230.3417880983304,27.03128255514376,3.544588579410536,0.9979674796747967,1,2.967702529442159,0.7111206242183395,0.1278480283339955,0.15320692112240786,0.25011467396479153,0.20502146636908397,0.5133703197589381,1.5886564042799889,0.7159660646098859,0.40070241923031064,1.9535308614560447,0.21338257345994055,0.16163274483483675,0.6022494752836378,0.26579411336532927,0.005615793462151652,0.012809920123211738,0.21000627981893946
as-built MHZ C5000 (30 mm x 3 in),42,True,False,False,163.98,3.54635861846366,2.2677781992600226,33.52010822215109,33.405652059749,22.537145786490935,1.8740238629665669,0.0,0,4.576853115899195,1.327143409068328,0.10729570137835653,0.3609834552079097,0.25898789275116707,3.017297879785046,2.5496877080597846,3.3101032450455286,0.6569055258587465,0.8286342784203129,1.7856730902023825,0.3287673407172723,0.17144275095874456,0.30288422608273663,0.3315411808019709,0.003110051283841374,0.014721576382141237,0.2569997183926104
as-built MHZ C5000 (30 mm x 3 in),43,True,False,False,168.65,2.8600724260523562,1.6472112104224466,41.044965254550334,41.00424158345548,23.12672447288739,1.3567128070905405,0.045023696682464455,0,7.150950200794747,0.7887745477345018,0.02052031212653699,0.12832255804050507,0.22724928121345805,0.7313350808197462,4.902932166368315,0.541359101024395,0.5532770075780964,0.9779951783062639,1.839658525291977,0.23648368498777422,0.16952201405510367,0.3805074610696312,0.3109195700978466,0.010630505937004028,0.014376610369636042,0.23311920524506233
as-built MHZ C5000 (30 mm x 3 in),44,True,False,False,166.76,3.0887738203902453,1.6752403464785948,38.77443068349952,38.76805871148792,23.08167551113159,1.392421193999451,0.0,0,6.275588807124599,0.8122321360555012,0.1042112045441217,0.30476889657877954,0.32248958106815484,1.762548408717079,3.702065743989097,1.476898667212474,1.3241783141442045,1.0302763020634558,1.6933397716104044,0.3061261100015523,0.20448957465703116,0.6769849137000286,0.3470745890061976,0.0147461997086114,0.01964631140451118,0.16918062788760319
as-built MHZ C5000 (30 mm x 3 in),45,False,True,False,,inf,inf,150.04069622030056,81.49308346840854,10.320766867374212,3.2302908210216983,0.0,8,3.8035023576063214,1.2055148488411176,0.05877579494110767,0.18944805621790195,0.06716970322871042,2.8417410472080817,0.38024468683510526,3.6398907987875435,1.6494494390778545,0.428867625501067,1.3349072573713192,0.2986111017626202,0.2276748905000403,0.42001534061694246,0.3235317169625974,0.0050800005150167535,0.023939428509080898,0.1638953710449256
as-built MHZ C5000 (30 mm x 3 in),46,False,True,False,,2.232492839780345,1.4129941567850504,150.15784274928922,150.14609052712947,21.54286765595167,0.4342526662460494,0.0,0,7.325614142300012,0.7182649655932352,0.09441965873928784,0.23560323130129368,0.19020258832195475,0.49983256054364794,1.7226936714718442,0.7465471669687195,2.053983795949411,1.1311041778136874,1.7619291757394446,0.19020083802638582,0.252391350195528,0.5527141280386414,0.33641203449360957,0.024353004718172002,0.015920586508930034,0.14240014356824365
as-built MHZ C5000 (30 mm x 3 in),47,False,True,False,,57.75974079601434,31.83242934972242,150.0837715116357,149.87082327135374,127.43731117110727,0.1267899624807698,0.8430531732418525,0,2.7738603897972656,1.3769471496209396,0.14997141504066983,0.2870788217895498,0.1412340005326246,0.4888249519453686,0.24034701895756427,0.43921785233287874,0.6015245039665984,0.5244834618378493,1.25018531030745,0.25678490705338275,0.14233075125796846,0.369798401512187,0.3333840865353813,0.008375374252722433,0.02489243186096598,0.2987224370147197
as-built MHZ C5000 (30 mm x 3 in),48,False,True,False,,150.38872130335554,101.64609439742156,150.38872130335554,0.0,25.0,0.4317607304035543,0.8053571428571429,0,5.065221703969962,0.8723350030825784,0.11070184737832635,0.3870419042108926,0.12224263569092284,0.2316981685207586,0.7313402780899716,0.4544018098144441,1.0582730265522609,0.7753205144782505,1.373006512009882,0.19746570453163498,0.15932956972052667,0.5073221178150407,0.30810092019607516,0.010165300069332478,0.021523261853445726,0.10712522209664414
as-built MHZ C5000 (30 mm x 3 in),49,False,False,True,,inf,inf,19.702617512559332,206.36890711872297,15.891489008809945,6.551097487650599,0.9933333333333333,1,10.758798018693167,1.4745722185888925,0.0994641714018804,0.12099941703030535,0.18038335614532158,0.6210554613312069,1.0032584324663718,1.3072490659084557,0.268284484046165,1.0432988635591076,1.9367646786748678,0.2550357059039455,0.14020714731528056,0.4628111987051744,0.3441995612208275,0.031251854029957504,0.014833438650365138,0.14441399237650127
as-built MHZ C5000 (30 mm x 3 in),50,False,False,True,,93.87402236112119,47.85919140648492,98.66629323630217,63.86265512065094,2.477189884339481,5.762799999437661,0.8641056910569106,235,7.9934328574353835,0.8203355825924248,0.13599028419581452,0.05025538030701237,0.3154472953126482,0.8174944606341273,3.526372922990032,0.9283911590457191,0.353724492159873,1.0986665022756177,1.1870699271714629,0.22423493026108998,0.11374505174037808,0.6250975534643324,0.3163156674768072,0.006102709686587333,0.024707918046283344,0.18199210399760213
as-built MHZ C5000 (30 mm x 3 in),51,False,True,False,,3.9800589176437837,2.7355431467142695,150.18274289345547,153.55788411115475,31.657099794399393,0.12143963544946229,0.5982532751091703,0,11.435785818066343,0.5731851591766985,0.10459990069839956,0.23754753710734072,0.36453078667205624,0.668686096569532,3.319012763478371,0.3588115361908354,2.4881417091119102,1.074867396697257,1.209567908753356,0.1649762556834521,0.1473414280098027,0.6397150010331666,0.2988530138815289,0.012042676183937354,0.010465870424629965,0.12937101181427707
as-built MHZ C5000 (30 mm x 3 in),52,False,True,False,,94.23990655714147,62.48608615936432,150.23171942121326,152.43552782164062,157.90080093347996,0.45773292995927056,0.9590536851683349,1,2.1348503413150173,1.3380397117904188,0.08869870895687701,0.27546922937987767,0.3660207689701574,0.6061569702000952,0.2655384021982373,1.2137367353385,0.30520006561064444,0.4438904068248059,1.3519111159818542,0.1843301379201025,0.13510280710498473,0.3799344634362191,0.30644262853156,0.02319283785738578,0.012424301971523173,0.1501278795883443
as-built MHZ C5000 (30 mm x 3 in),53,True,False,False,167.76999999999998,2.7183174156914305,1.555040889525732,39.97416108850694,39.78349040033987,23.083425241107403,1.572351331130873,0.0,0,3.3245697031736117,0.6445459340669104,0.03968499279959612,0.11670422759165881,0.3245547678969592,3.9720725128275327,1.8624191241622687,0.30295243100354957,0.453481052703804,0.46667349916815837,1.9285385862026128,0.15717574766271644,0.18094871838519672,0.6908910447596087,0.286516084147603,0.027902935967774434,0.02320039388302896,0.2737971581904869
as-built MHZ C5000 (30 mm x 3 in),54,False,False,True,,inf,inf,80.06294692374232,57.19181579628851,0.9648014451932835,4.567095901379545,0.9938211382113821,2,7.03818153205807,1.4912728142513532,0.11966995737343462,0.22809891502217639,0.30951521295936657,1.84904452665934,1.1600331682596494,2.6554307485304833,0.795606721498667,0.687034148510164,1.6420317734687724,0.23706770999995658,0.15613514286914662,0.48707935616457176,0.34106514956634115,0.032693851942041476,0.013185913405294136,0.2715147455192056
as-built MHZ C5000 (30 mm x 3 in),55,True,False,False,174.39,4.041103979825797,2.059422024772225,37.051435241760224,36.881463045044306,22.18595636240787,1.8693171012434031,0.0,0,6.426649824340037,1.098822296692922,0.13951989745931123,0.08518316219805414,0.33613435939967806,0.21627054133189294,0.4431947355747969,0.2261482919089921,1.1415194556218868,0.7328042211471384,1.3090205873452563,0.22785158891454288,0.1866571363282466,0.6294792811928771,0.3220593586573678,0.03175849162458192,0.01777609928237115,0.20994040540649844
as-built MHZ C5000 (30 mm x 3 in),56,True,False,False,166.12,3.6586599520526923,2.0771947072781463,36.31883375790132,36.31313894968033,22.51110116142455,1.4712816110272422,0.0,0,7.737890516125687,0.6197789030933952,0.08992642956198359,0.37125101109059155,0.2782545774047195,1.547997972138603,0.9211558243051798,2.266429780923218,1.221982154316112,1.176154010528899,1.4741063254036793,0.28100499733065964,0.21072677283312968,0.35256008945414624,0.28241776204687163,0.017110055303506986,0.012036846468649842,0.1580150549660644
as-built MHZ C5000 (30 mm x 3 in),57,False,False,True,,27.936742993703028,13.108563049953894,31.330804325549252,0.0,25.0,3.060418796988096,0.968739837398374,1,8.051252274864996,0.852664926684584,0.05276330314721839,0.08042269123016448,0.37694367992793704,2.404778471852073,2.6283662032276744,2.574522971811439,0.9441292826544091,0.9020690647034273,1.1107432023587955,0.20110955239984263,0.15073837653483851,0.32520784317143014,0.2503537398276839,0.022154177855960376,0.013478997700875187,0.19102501483813106
as-built MHZ C5000 (30 mm x 3 in),58,False,True,False,,59.744062678847634,32.3649459266863,150.30719358895593,150.17179689087152,131.58379276712955,0.126030275201808,0.0,0,3.1286507046526433,0.8346932428257035,0.12203449433501813,0.36696661179634205,0.20351360248551736,0.9585405915577544,0.35524662169288684,1.038407580090889,0.20486057914381375,0.4261591143310934,1.9895552532860106,0.34616418823309275,0.2304479503123733,0.5752563523476317,0.2719206156999046,0.030522526140222817,0.023427763179444165,0.24278481745754743
as-built MHZ C5000 (30 mm x 3 in),59,False,True,False,,6.194493426058851,3.6975459724444915,150.32220496702573,150.61796605195892,24.067560605459366,0.4093252959593347,0.0,0,4.692686545246231,0.9044403504715128,0.023856683688724126,0.07359320764441146,0.3473605362716861,0.4573397804747716,0.5425396259484259,0.2639750550206416,1.909675890677123,1.1545824384442924,1.0371805473939395,0.18058803659176573,0.24457380532378226,0.3361247292010786,0.2639362404770412,0.015657267295047732,0.019935781461193826,0.18912427411628602
proposed (45 mm x 5 in),0,False,True,False,,8.13138729180475,4.004307520256476,150.05857536955858,153.30340726999182,35.16747483010522,0.27715128106962705,0.0,0,13.097533298689703,1.2556638056268388,0.06985282039263788,0.16730273267179271,0.16608732479175015,0.3640041623579781,0.8027178051415735,0.20251437472875997,0.6459216572912642,1.0585698325737865,1.7776339540421864,0.20954910300969826,0.2230544437639973,0.5028060378628335,0.31388154172057936,0.01371895717261445,0.02206706197083665,0.11735325437729116
proposed (45 mm x 5 in),1,True,False,False,177.88,3.7147318150274473,1.9487507179642536,50.786279120387384,50.572650447043415,24.823886387092347,1.1638661692155017,0.0,0,22.775512583513958,0.5612709111791829,0.04822599806417542,0.15774543029321617,0.07801372087743712,1.0907219599105311,0.45389087157327157,0.7093196129780966,1.7290106237895033,0.7950550359238263,1.6035100758008198,0.3025771453971463,0.23551095803068806,0.5332515275088523,0.31986251961874734,0.028543165821382995,0.01145787862690366,0.19859198850578358
proposed (45 mm x 5 in),2,False,True,False,,150.26519166085174,85.26798172947723,150.26519166085174,0.0,25.0,0.31301618978237206,0.0,0,12.24839191437822,1.2376179029212757,0.08170932674257116,0.30777492853350497,0.20891857940385483,0.326747831671771,0.38345183311686754,0.7963462560589587,1.4272289374615066,1.087861009963217,1.722436893645451,0.2458749353651761,0.2387680912960731,0.6437757257568184,0.2762826841277805,0.01782308462314747,0.022477919892911674,0.2771649057802712
proposed (45 mm x 5 in),3,False,False,True,,inf,inf,10.394410396992626,211.6285484875684,14.860445771313028,7.483397608982043,0.0,2,24.84286118361236,0.5037889337077862,0.07954885043782575,0.2554643734405053,0.26124290792804195,0.445676430510506,0.9760132166648147,4.676414103618399,0.8356501774437173,0.9635960289692354,1.8591921458246685,0.17660684743303556,0.2500593191289334,0.5869987225054039,0.2805040733683639,0.033293144250991634,0.019167314265565123,0.1545533788136375
proposed (45 mm x 5 in),4,False,True,False,,inf,inf,150.02875469616671,299.38379730762534,17.185148722965458,3.435430198263914,0.0,1,18.749190646231643,1.174196311791246,0.07652271116451369,0.2460032602207351,0.3039612464236421,1.3985835005438256,0.7010913409067921,2.3706141528667763,0.41459639404211673,0.46353448057990465,1.2323053977973926,0.34670368790617034,0.21592884863927997,0.661562592005651,0.3212753440594615,0.026230388634682383,0.011564157988775102,0.12187950702712899
proposed (45 mm x 5 in),5,False,False,False,212.13,13.78579610793903,5.223640340849941,115.11733720109619,115.65974276568815,21.420626587751645,0.8881440073201619,0.0,0,18.482795100881216,1.0488664726855998,0.06878522068574995,0.2831318788306271,0.16859745507040505,1.9452536760317738,0.2962096976513816,0.4084026950611255,0.8612786086948364,0.8252013076054596,1.091738963328081,0.3225023651927118,0.19797833405212617,0.5404508760238672,0.25643584448263235,0.029610862598057928,0.020145115965803637,0.28146493674597295
proposed (45 mm x 5 in),6,False,False,False,208.71,83.38268147470492,20.735650283933158,128.6435004630254,129.27998969159026,25.26121604397383,1.285409174333128,0.41877394636015325,6,20.547170171933267,0.6708040952438261,0.08452890489569305,0.3803103246129201,0.3328696618022913,4.577534452204458,1.642310827088702,0.5011433184501288,1.2731788556683523,0.6142169920756374,1.6526575171980622,0.16122892752518636,0.10629008749611082,0.3882191142782167,0.3176668299888865,0.003638346900171682,0.01407777704602425,0.10534490880557401
proposed (45 mm x 5 in),7,True,False,False,167.72,2.680157678445909,1.6493296525285042,38.60960281218287,38.61127957586549,22.516502658285866,1.3432233376433875,0.0,0,10.829248330598304,0.9933094668944152,0.1379226357331242,0.34756168773350987,0.17464343783782807,3.371661443631147,0.6866935401591793,4.290025839533224,3.9955053969870655,0.4998936671270753,1.4840144930180448,0.33412563241478266,0.17335878807646987,0.4956296220602575,0.28684243247445756,0.016718853670556783,0.018281531430302846,0.16236356154576287
proposed (45 mm x 5 in),8,False,False,True,,inf,inf,41.60075485994325,228.2771813120962,26.69240470499559,2.7461736729339195,0.0,1,9.812145197036058,1.2709808899773822,0.14169273473760155,0.22196077613028276,0.05663126781603972,0.2984356754589317,0.33646134052178267,2.0999201461746164,1.5570467157947445,0.5155925468372069,1.142781573960084,0.2222206676190381,0.19367039802122293,0.32716155739672215,0.2774032495903518,0.02045480746290946,0.017584866966668163,0.26330380867721903
proposed (45 mm x 5 in),9,True,False,False,166.04,3.241299009364743,2.1301441902226843,36.35067939929169,36.37362950916761,21.88600533132078,1.5977467787423254,0.0,0,10.364026484673335,1.0810091886232216,0.11391255891005103,0.10451554209210245,0.3925998856080981,0.5591011192109546,0.872249360801131,0.48502346288800996,0.4907791887645313,0.49010664936819837,1.8003203369707084,0.1510006302069027,0.14454416827267286,0.48018928497374724,0.2979424694324248,0.007093526790431089,0.016241129447518182,0.13697619644588685
proposed (45 mm x 5 in),10,True,False,False,172.37,3.1183589354242947,1.3942708268851116,43.7791775182233,43.836043439526165,25.008144511839788,1.2519937518152584,0.18818076477404402,0,41.52945868936913,0.5219459723284959,0.048052326826355046,0.2536182737339631,0.2674385912055034,3.514105350586553,0.5543967033772753,0.3718653836465471,1.8486359390363218,0.9996138095874235,1.744698071616074,0.3146075554733989,0.13680580196446782,0.30714009542969184,0.2680986641755528,0.029869870245248765,0.011989480570633704,0.20437698786347963
proposed (45 mm x 5 in),11,False,False,True,,inf,inf,63.42588460474788,152.93694379967434,11.67527138401724,5.891364938486877,0.0,1,15.803164720037216,0.6656967144211656,0.029461820641111948,0.057115064680249905,0.23655433916537377,2.1372205535712965,1.5686448789621956,3.531729507733255,0.31718560936021056,1.1407768149493882,1.4337150142737223,0.29094778589994613,0.17902960369090304,0.4410504610131774,0.29047576548172294,0.018700701787700547,0.022538247481556563,0.2957715375604436
proposed (45 mm x 5 in),12,False,True,False,,3.8730078845828833,2.5426241195058,150.15142222665833,151.6496451747535,28.628909274623844,0.39359948741820283,0.0,0,36.72087161088556,0.6991480191972219,0.12615259234624554,0.3581302142615851,0.3513494122436961,0.798831483781791,2.314351438146617,1.1069471644862254,3.802879857777437,0.9379555439511977,1.8274710314822435,0.26672418542042237,0.2078393154982301,0.34101577985004716,0.26026461324814654,0.0020632952070027463,0.011106866658212571,0.13260135187979696
proposed (45 mm x 5 in),13,False,False,True,,40.60467631470326,15.69199252626152,46.53265641740122,0.0,25.0,8.897247113544521,0.45979674796747966,254,31.7852242317094,0.9521578179362866,0.13021458686967355,0.21039210673693914,0.37290176827094224,0.2536896970330152,2.889560302743221,2.2162289732205895,0.24005580104338325,0.740932426106939,1.8687916491250331,0.3328964311139726,0.16724458615314922,0.6940093967345304,0.2704828317434563,0.009619626918609119,0.018631230495321748,0.11441913417303716
proposed (45 mm x 5 in),14,True,False,False,167.67,3.3354603928497224,1.5703623314611743,39.610012471043774,39.58389760332949,23.616007941488515,1.445287520678995,0.12214285714285714,0,19.94706047992195,1.132294549312796,0.03372244855950862,0.3233676733194989,0.27337302370542066,3.2082140855150585,1.9804988170765117,0.6266100655033154,0.5580892212173895,0.6701088170828958,1.390602748151593,0.3106814199851892,0.13298466853751637,0.5563439571538052,0.30003219215705157,0.012761600867049295,0.01628202974216395,0.19471945782708522
proposed (45 mm x 5 in),15,True,False,False,177.76,3.672931575510608,1.4887381354994043,54.808057013354954,54.618711038836096,24.747737453120212,1.1620156616082338,0.0,0,11.659631448075267,1.0620796893515336,0.037943965652827955,0.18127421970267849,0.13583834824647203,1.2598763401950634,4.199081175012828,1.3314998267561196,2.1288974064208293,0.5373761641447234,1.0119289635871447,0.28704275545294217,0.20379490017380564,0.35769657167691726,0.27871016667349907,0.0237364538521806,0.01822029600880319,0.2012237355026325
proposed (45 mm x 5 in),16,False,False,False,213.8,9.901786529726946,5.09628797325012,43.69731680870082,43.50374009968738,19.048973750943553,6.667490553948576,0.43828197945845004,566,29.098768751187098,0.7647746653221252,0.06625150607496075,0.09456395563486605,0.15317529701160368,4.355573190662642,0.6465330867309566,3.899117361351598,0.36240901540752013,0.9178634811885066,1.7010116089955567,0.2656464666952252,0.16463236149246738,0.6127835544308282,0.3483783123070542,0.02713843401200675,0.0173782325139687,0.23363840275682327
proposed (45 mm x 5 in),17,False,False,True,,inf,inf,36.028627098163476,104.81158792669174,34.86872206956015,9.424228848496833,0.8836178861788618,69,30.20246744549762,1.0266936873615617,0.08708987907946653,0.2155137295351831,0.12831064986079121,0.39761012058159073,2.075149383250854,2.985950646843603,0.3408409187047303,1.1993472192534282,1.3327125574785323,0.30905260379288946,0.12403966772878477,0.5184580803512167,0.34183266384687233,0.015903651158608912,0.021044430536791506,0.2287684544143786
proposed (45 mm x 5 in),18,True,False,False,165.0,3.333902798783022,2.282474998967355,33.84949491354634,33.7811199719943,22.4999057651339,1.4120396517999227,0.0,0,7.600183352658298,0.9365549064881582,0.024774829791670495,0.1631648309930963,0.05112150667364537,1.0390487488725741,0.40379601910779334,4.234579604078542,4.268826094523375,1.0225398660018583,1.5412890038817055,0.27729606455123834,0.18938961691274558,0.6592965960463284,0.32679506330043673,5.258630432490519e-05,0.024307874578451828,0.28846260332930135
proposed (45 mm x 5 in),19,False,True,False,,2.2983288607384447,1.3737857941746978,150.18278996312048,151.94408769163755,22.986323598122663,0.4458774094512288,0.0,0,23.98140978390729,1.1545628863748332,0.03193244372968344,0.3261145562714748,0.11940340943359909,2.609734110872384,1.0559750935239427,0.655095599326647,4.16357927236867,0.649798606778663,1.2407598908950745,0.34218531624581733,0.24865125534628468,0.5714823648174118,0.3374201585008869,0.012819769534707773,0.015239256550827435,0.23995096236940502
proposed (45 mm x 5 in),20,True,False,False,168.46,3.1631160011606947,1.7415289675950822,39.84100719357052,39.661323708365884,22.340561776430214,1.29631741274705,0.00771055753262159,0,18.71493496063965,0.7782908916647004,0.05628700347953593,0.13878967029609085,0.2147766571568659,1.7034408650526507,1.4335122273075265,1.6310808188135917,3.0572562254368223,0.94840796982961,1.1519040771404883,0.27162469975181064,0.17554874544866872,0.41582312525279097,0.2520777492691112,0.021426336283423164,0.01723230249091138,0.24817328900764782
proposed (45 mm x 5 in),21,False,False,True,,inf,inf,12.515818089026952,207.6774029183846,24.79328585674957,3.916961419180623,0.0,1,12.303978794850316,1.405073139786993,0.035779230293900406,0.07322351210054637,0.3948775760052282,0.26961998638532503,0.25583982137530037,4.854718234754747,3.1040161116619926,0.6567783209976894,1.0633588542737547,0.2167724863703533,0.24342321102816974,0.4297885061895166,0.3095567411077844,0.0026895527280871873,0.02083048314669688,0.1702914063681655
proposed (45 mm x 5 in),22,False,True,False,,6.43735293879944,3.8887204042819348,150.26644667424839,152.67339402255215,38.18909747265979,0.2564479512804396,0.0,0,12.01424479349447,1.2892574413324047,0.14771003173470917,0.20672239486320776,0.24656995962908712,0.35582444688515635,1.2658419076922431,0.38409306578632085,4.889471741298118,0.8020482479499955,1.5903663082167,0.18749532508243247,0.2549158901126162,0.45468219981596636,0.25972528175368315,0.008739160728422865,0.020696465693936125,0.2142584962656533
proposed (45 mm x 5 in),23,True,False,False,168.70000000000002,3.6200157228492946,1.9098108762324306,38.3271979277203,38.18067189504469,22.791845260615375,1.2977096154062513,0.07207100591715976,0,5.799468354318297,0.6099718125597865,0.0974976103114523,0.10854540139427646,0.35432024742007945,0.5339266772421397,3.1338129579776797,1.7478079942102749,3.570207065198983,0.8826333422721379,1.4136052741727867,0.3176608075002723,0.13065048088299921,0.4788438940459262,0.2569569503203962,0.028348903628985577,0.02036754202215819,0.11261500368706552
proposed (45 mm x 5 in),24,True,False,False,167.67,3.891376024827778,2.3327985517011878,34.193063993853826,33.99464421719082,22.66556168373319,3.7387724784326823,0.0,0,14.007372960894036,0.9681944125257489,0.04574724293811487,0.10047682746049044,0.08040148469048043,2.313084227681125,3.0682354059253014,2.8594082926775926,1.0198148491697723,0.591316174172094,1.4195699049774335,0.32539026672819016,0.12595124633753552,0.683628151065858,0.33922108720171285,0.024438133103612293,0.016622262576693456,0.22139453763731717
proposed (45 mm x 5 in),25,False,True,False,,10.549413301289839,6.639237509516087,150.0676724795817,150.26046464884416,51.55672286226352,0.2723877583442714,0.703257790368272,0,20.255602681000223,1.4240147801812686,0.06415267268883423,0.20055597253118934,0.22381900748971512,0.9173710595970709,0.20726445912045494,0.217532897762473,4.71436140193803,0.764447839697322,1.2730265997396322,0.2739127205720872,0.12144632772939497,0.6681452908118942,0.291669495638606,0.03382216196967716,0.013815381410542107,0.22626127370379184
proposed (45 mm x 5 in),26,True,False,False,165.08,4.178592694366471,2.3506930679451727,36.44842655020899,36.24500682359622,22.401122595061874,1.4170090343466266,0.0,0,8.454095385880942,1.38627210533802,0.1022846527273924,0.06285566750015621,0.1984752894065978,1.5239739876887026,0.31168622985277994,0.5829803854014199,0.9519615931803407,1.0048588407082448,1.5174232677718633,0.21262013944402675,0.15262785424819383,0.5376855053013412,0.2539826716411302,0.025072459686658912,0.015443795134630255,0.2844313567754475
proposed (45 mm x 5 in),27,True,False,False,185.28,4.921622772598936,1.9938445344456268,58.97109636110472,59.05778811309358,25.04846429082709,1.0433922165672556,0.0,0,15.647858721564203,1.3000837055619523,0.112301836973755,0.1956519745260888,0.38466570934676436,2.049659530701286,1.2151690475479435,0.8583112112154887,3.421330398303871,0.8758298258882329,1.1818662132341298,0.1706300152354596,0.2141301793230193,0.5653557489423853,0.2693172015462001,0.006873630584713539,0.024238354350134758,0.12433794711438648
proposed (45 mm x 5 in),28,True,False,False,181.29,4.640259599432207,1.9996039658635096,60.13502976505959,60.11807382269255,25.434252970846817,1.103205958980336,0.0,0,22.277108886944,0.5466227576222122,0.027696110401983512,0.2707462518343566,0.10484459747106334,3.7689479051177246,4.408596947582087,0.6046617110261342,2.267544426486339,0.7197537846703442,1.4616787375541032,0.26116242849380694,0.22946215667705608,0.3196047174618275,0.2619282405769968,0.02008005490134223,0.01895554559879252,0.250340201092467
proposed (45 mm x 5 in),29,True,False,False,170.51,2.4679779951368728,1.1959494176656156,42.934311434773704,42.792271911494396,23.55860903690896,1.3070192929493316,0.0,0,16.635530783716245,1.231724233446804,0.11545380558304272,0.29982328224722793,0.09003369614562534,4.940680074092788,0.49536778731614783,1.1600917253258434,2.4986103197627374,0.5818522882867946,1.9802822070425419,0.194675943940343,0.2611962843671753,0.5216968157956257,0.3123026469634218,0.025686501890646325,0.021279134920322223,0.2682644455724462
proposed (45 mm x 5 in),30,True,False,False,176.58,2.8193695933671252,1.4044918975868654,47.07009826112008,46.881540710084494,25.221429450586125,1.1515658072933257,0.0,0,10.480068796942767,0.8910865525617009,0.1330325053875817,0.3340042087314059,0.0988916015584198,1.2295110165259964,0.8250088546944049,1.837855473500077,2.828425877149082,0.7035893389930897,1.5154991549185521,0.15518538262007375,0.18356531454523353,0.44809644309523006,0.30456205003654463,0.02190045617307112,0.02350568657551816,0.17955934444567861
proposed (45 mm x 5 in),31,False,True,False,,150.23664434881763,92.30699730169663,150.23664434881763,0.0,25.0,0.21708345031214454,0.8940998487140696,1,11.054357723770561,1.1944173153899922,0.0729158027763785,0.29470444187325084,0.2957346803828766,0.854995727742809,1.4786861708534418,0.2791620342028621,0.2495352397584412,0.6013329363317209,1.0256869623600822,0.2316171171581966,0.11033037731070935,0.4128048268765344,0.2742857009909934,0.032504136095949036,0.010777696024824143,0.29191631374971827
proposed (45 mm x 5 in),32,True,False,False,167.41,3.5778549524976726,1.995294157768285,39.93301764711192,39.906881683966816,22.926556325159545,1.4256111402819067,0.0,0,18.43761465664876,1.0142456984062334,0.059363847899863834,0.13384139314028262,0.14854922296344691,0.6962961721919155,4.569277753653789,0.23629824254692205,0.29068622571801206,1.1090960028010577,1.0699514400648094,0.2512194807617377,0.22199801914383835,0.5832917663764996,0.3250147543509918,0.0010623699140007205,0.010152186952859465,0.18551663578985292
proposed (45 mm x 5 in),33,True,False,False,164.08,3.2436042591458496,1.963223825833246,34.81847474474993,34.60740256864752,22.68482202822194,1.616971275646505,0.0,0,3.615601788770399,1.1091031001513727,0.0618848369750781,0.3137456102552319,0.2390743858004038,2.6440113420869853,1.3543938485234863,1.915871361341019,0.22541436925639466,0.571925394334077,1.1181463839739547,0.24119744507853863,0.23787919916428021,0.3661981224091052,0.28478861392387406,0.004311067199140581,0.02192567895837779,0.24628561715157446
proposed (45 mm x 5 in),34,False,True,False,,150.3536921037928,90.58407983578455,150.3536921037928,0.0,25.0,0.47936154429250477,0.0,0,21.90233277561594,1.141583132334647,0.052321796529755535,0.26167920231615033,0.09116393503419903,0.28435809001812323,2.1485065079527743,0.8069513345130214,0.39433675078263414,0.7552786610208659,1.5825738314802142,0.3375691065912299,0.21801507839900805,0.5935982831847371,0.28845282445241033,0.01452306628341205,0.010606081320642608,0.2557472896962154
proposed (45 mm x 5 in),35,False,False,True,,inf,inf,8.987966540250136,219.43266800135626,18.29177610792186,4.187401920629595,0.9926829268292683,2,10.892974107725946,0.9302629400570801,0.13153384287843792,0.39695330765131204,0.11402807901273372,0.23999188216885353,0.22339963109089628,3.2309645616617755,0.7620446195852176,0.5594032969384979,1.631007969730936,0.16810774450801713,0.11853575967814566,0.47042797021647426,0.3289386191651906,0.01136491474578881,0.016830847715558664,0.10257012617164553
proposed (45 mm x 5 in),36,True,False,False,166.36,4.216105220214529,2.3801161049497708,37.21759193329608,37.23568685570068,22.77838576423909,1.3978590870915115,0.0,0,11.465815615581903,1.4358367056843784,0.14405932536470595,0.17601772488516532,0.06845763028351556,1.1714058046663551,0.6028456357540309,1.3976743144325576,1.514599687240215,0.9203440338184109,1.9027482302269538,0.28405052531628827,0.11641097991483995,0.6182340657477751,0.29420707289732884,0.03447212296813285,0.012699634769212757,0.13653953235751423
proposed (45 mm x 5 in),37,False,False,False,205.5,21.795694534300107,5.63298165582379,104.02951697742594,104.23084210522703,23.626485021592373,0.9878289506703387,0.44878522837706514,8,21.286835023953095,1.3511347948247991,0.11915289078496122,0.3913144073633248,0.2877118072101005,4.117791686108823,0.28716218929044146,0.25975270119272004,2.6684396741201613,0.8540529113244255,1.5560160794413982,0.295881807982047,0.10821070701140448,0.6506996883095312,0.3322079515003933,0.018424797863417917,0.01945804711730852,0.21718072687366563
proposed (45 mm x 5 in),38,False,True,False,,150.22111518249193,113.30921069364075,150.22111518249193,0.0,25.0,0.7772544308830385,0.0,0,24.474315949572834,0.7406973277694635,0.04271059625419149,0.3383730250267123,0.15800598591607296,0.31732635596580533,2.4119107840216545,0.977431829306137,0.4387903833081107,0.6303161413284122,1.6689342660954254,0.1767285105399739,0.25850873282349773,0.4039385978473564,0.30274637263912396,0.019305081218775038,0.013582557164201205,0.14963070136706255
proposed (45 mm x 5 in),39,True,False,False,167.21,2.9578741260531416,2.0239792157927923,38.82179716249973,38.76305549978513,23.00575500018912,1.4040994879665736,0.0,0,8.55117143061659,0.5888802321311064,0.07606825841394184,0.14824290551243346,0.2916838418753198,1.3694778530917004,0.2114228714845608,0.3407998701798305,0.21285394713292283,0.84890615504898,1.2932270881269678,0.2486299348353172,0.19904768622244373,0.4342545436187156,0.29659525356418276,0.0013603913320490418,0.01564235829154792,0.26382493143377017
proposed (45 mm x 5 in),40,False,True,False,,inf,inf,150.3560550314786,0.0,25.0,1.1306149100764933,0.0,0,26.091842075119136,1.4536321477180905,0.09295191215101803,0.3443462010978022,0.187022152751525,0.4142480258587073,3.900155687084111,0.31486209039303026,0.5123271062308465,1.1697172372790399,1.885685928535393,0.20369169017112648,0.19410007077759567,0.39872083977371375,0.3454810096417564,0.00808067855846721,0.02287630481049402,0.17514235397509692
proposed (45 mm x 5 in),41,False,False,True,,inf,inf,28.189846029943258,207.1813595194769,26.289878806092204,4.236151475374112,0.9904471544715447,2,15.94938945878591,0.7111206242183395,0.1278480283339955,0.15320692112240786,0.25011467396479153,0.20502146636908397,0.5133703197589381,1.5886564042799889,0.7159660646098859,0.40070241923031064,1.9535308614560447,0.21338257345994055,0.16163274483483675,0.6022494752836378,0.26579411336532927,0.005615793462151652,0.012809920123211738,0.21000627981893946
proposed (45 mm x 5 in),42,True,False,False,164.62,3.4091929529748164,2.20101806534628,34.782937480240456,34.58055771978471,22.420606792733203,1.7896622329387344,0.0,0,8.964892339781395,1.327143409068328,0.10729570137835653,0.3609834552079097,0.25898789275116707,3.017297879785046,2.5496877080597846,3.3101032450455286,0.6569055258587465,0.8286342784203129,1.7856730902023825,0.3287673407172723,0.17144275095874456,0.30288422608273663,0.3315411808019709,0.003110051283841374,0.014721576382141237,0.2569997183926104
proposed (45 mm x 5 in),43,True,False,False,167.24,3.4279394572281685,2.1184937835780837,40.06437491817343,40.07693815392629,22.452555763798316,1.5036205747162148,0.0,0,14.931523660976413,0.7887745477345018,0.02052031212653699,0.12832255804050507,0.22724928121345805,0.7313350808197462,4.902932166368315,0.541359101024395,0.5532770075780964,0.9779951783062639,1.839658525291977,0.23648368498777422,0.16952201405510367,0.3805074610696312,0.3109195700978466,0.010630505937004028,0.014376610369636042,0.23311920524506233
proposed (45 mm x 5 in),44,True,False,False,166.62,3.7723080653640224,2.023538959486552,37.139722995943416,37.09728680871227,22.77092002313082,1.4139953408815367,0.0,0,12.195996379935888,0.8122321360555012,0.1042112045441217,0.30476889657877954,0.32248958106815484,1.762548408717079,3.702065743989097,1.476898667212474,1.3241783141442045,1.0302763020634558,1.6933397716104044,0.3061261100015523,0.20448957465703116,0.6769849137000286,0.3470745890061976,0.0147461997086114,0.01964631140451118,0.16918062788760319
proposed (45 mm x 5 in),45,True,False,False,169.64000000000001,4.464021832518681,2.5040356361244474,32.03794527637326,31.826639814766736,22.242838436406476,3.491680174482063,0.0,0,8.157582854437418,1.2055148488411176,0.05877579494110767,0.18944805621790195,0.06716970322871042,2.8417410472080817,0.38024468683510526,3.6398907987875435,1.6494494390778545,0.428867625501067,1.3349072573713192,0.2986111017626202,0.2276748905000403,0.42001534061694246,0.3235317169625974,0.0050800005150167535,0.023939428509080898,0.1638953710449256
proposed (45 mm x 5 in),46,False,False,False,226.21,12.661411812354887,6.273394076620084,112.46478303008348,112.89835281810551,20.360248082913092,0.8152064316714396,0.0,0,20.4063911193044,0.7182649655932352,0.09441965873928784,0.23560323130129368,0.19020258832195475,0.49983256054364794,1.7226936714718442,0.7465471669687195,2.053983795949411,1.1311041778136874,1.7619291757394446,0.19020083802638582,0.252391350195528,0.5527141280386414,0.33641203449360957,0.024353004718172002,0.015920586508930034,0.14240014356824365
proposed (45 mm x 5 in),47,False,True,False,,5.509607941309662,3.7202641320112835,150.1115402810239,150.2454889074479,37.410723792368,0.18901234682950338,0.5714285714285714,0,7.534138281320173,1.3769471496209396,0.14997141504066983,0.2870788217895498,0.1412340005326246,0.4888249519453686,0.24034701895756427,0.43921785233287874,0.6015245039665984,0.5244834618378493,1.25018531030745,0.25678490705338275,0.14233075125796846,0.369798401512187,0.3333840865353813,0.008375374252722433,0.02489243186096598,0.2987224370147197
proposed (45 mm x 5 in),48,False,True,False,,inf,inf,150.094448142653,0.0,25.0,0.8284469454058151,0.6537753222836096,0,19.631532537290553,0.8723350030825784,0.11070184737832635,0.3870419042108926,0.12224263569092284,0.2316981685207586,0.7313402780899716,0.4544018098144441,1.0582730265522609,0.7753205144782505,1.373006512009882,0.19746570453163498,0.15932956972052667,0.5073221178150407,0.30810092019607516,0.010165300069332478,0.021523261853445726,0.10712522209664414
proposed (45 mm x 5 in),49,True,False,False,165.13,4.0222956224611774,2.3286876129390146,35.17967725517629,35.1381733309036,22.399422411840412,1.735587492887621,0.0,0,22.438769256319166,1.4745722185888925,0.0994641714018804,0.12099941703030535,0.18038335614532158,0.6210554613312069,1.0032584324663718,1.3072490659084557,0.268284484046165,1.0432988635591076,1.9367646786748678,0.2550357059039455,0.14020714731528056,0.4628111987051744,0.3441995612208275,0.031251854029957504,0.014833438650365138,0.14441399237650127
proposed (45 mm x 5 in),50,True,False,False,163.9,3.433616576399477,2.2739108942147532,33.093263991244434,32.92949405500292,22.48842539386307,2.024226108825158,0.0,0,12.6589264244341,0.8203355825924248,0.13599028419581452,0.05025538030701237,0.3154472953126482,0.8174944606341273,3.526372922990032,0.9283911590457191,0.353724492159873,1.0986665022756177,1.1870699271714629,0.22423493026108998,0.11374505174037808,0.6250975534643324,0.3163156674768072,0.006102709686587333,0.024707918046283344,0.18199210399760213
proposed (45 mm x 5 in),51,False,True,False,,4.056812989260974,2.382051531098092,150.2930161151985,151.36813935189818,17.213443186961346,0.400446378067026,0.3381742738589212,0,32.9600293477615,0.5731851591766985,0.10459990069839956,0.23754753710734072,0.36453078667205624,0.668686096569532,3.319012763478371,0.3588115361908354,2.4881417091119102,1.074867396697257,1.209567908753356,0.1649762556834521,0.1473414280098027,0.6397150010331666,0.2988530138815289,0.012042676183937354,0.010465870424629965,0.12937101181427707
proposed (45 mm x 5 in),52,False,False,False,175.63,6.437750664341472,2.944226245410916,47.68576031105907,47.49511703908509,19.355938559982047,1.6254076908075923,0.080773606370876,0,9.33861685740643,1.3380397117904188,0.08869870895687701,0.27546922937987767,0.3660207689701574,0.6061569702000952,0.2655384021982373,1.2137367353385,0.30520006561064444,0.4438904068248059,1.3519111159818542,0.1843301379201025,0.13510280710498473,0.3799344634362191,0.30644262853156,0.02319283785738578,0.012424301971523173,0.1501278795883443
proposed (45 mm x 5 in),53,True,False,False,166.14000000000001,3.885307781275375,2.319244760427596,37.60586221177375,37.39307367501632,22.63451627253357,1.5469640822299682,0.0,0,6.413357155578086,0.6445459340669104,0.03968499279959612,0.11670422759165881,0.3245547678969592,3.9720725128275327,1.8624191241622687,0.30295243100354957,0.453481052703804,0.46667349916815837,1.9285385862026128,0.15717574766271644,0.18094871838519672,0.6908910447596087,0.286516084147603,0.027902935967774434,0.02320039388302896,0.2737971581904869
proposed (45 mm x 5 in),54,False,False,False,202.81,10.832168002699763,4.894192100486535,31.80938251837861,31.774306175825643,18.773233115367116,4.186912160553439,0.525492125984252,230,27.16624438372396,1.4912728142513532,0.11966995737343462,0.22809891502217639,0.30951521295936657,1.84904452665934,1.1600331682596494,2.6554307485304833,0.795606721498667,0.687034148510164,1.6420317734687724,0.23706770999995658,0.15613514286914662,0.48707935616457176,0.34106514956634115,0.032693851942041476,0.013185913405294136,0.2715147455192056
proposed (45 mm x 5 in),55,True,False,False,172.6,3.8188403234745856,1.7399309123185853,40.434409653542694,40.2494256425982,24.020587011222716,1.2410783236035914,0.0,0,9.148185395658516,1.098822296692922,0.13951989745931123,0.08518316219805414,0.33613435939967806,0.21627054133189294,0.4431947355747969,0.2261482919089921,1.1415194556218868,0.7328042211471384,1.3090205873452563,0.22785158891454288,0.1866571363282466,0.6294792811928771,0.3220593586573678,0.03175849162458192,0.01777609928237115,0.20994040540649844
proposed (45 mm x 5 in),56,True,False,False,166.39,3.7925569631411076,2.21934809960989,35.59843834254878,35.48734499685193,22.13186978098734,1.4863884152417262,0.0,0,14.720953840638018,0.6197789030933952,0.08992642956198359,0.37125101109059155,0.2782545774047195,1.547997972138603,0.9211558243051798,2.266429780923218,1.221982154316112,1.176154010528899,1.4741063254036793,0.28100499733065964,0.21072677283312968,0.35256008945414624,0.28241776204687163,0.017110055303506986,0.012036846468649842,0.1580150549660644
proposed (45 mm x 5 in),57,True,False,False,173.09,4.110472961781192,2.4475413192980757,31.786190736574877,31.585904248701432,22.076044939079225,4.017905574875146,0.0,0,25.950613846346393,0.852664926684584,0.05276330314721839,0.08042269123016448,0.37694367992793704,2.404778471852073,2.6283662032276744,2.574522971811439,0.9441292826544091,0.9020690647034273,1.1107432023587955,0.20110955239984263,0.15073837653483851,0.32520784317143014,0.2503537398276839,0.022154177855960376,0.013478997700875187,0.19102501483813106
proposed (45 mm x 5 in),58,False,True,False,,5.075795389808845,2.4666852647326776,150.07054178849916,149.86798977533394,20.079714499673944,0.31275392655113193,0.0,0,9.101144630380972,0.8346932428257035,0.12203449433501813,0.36696661179634205,0.20351360248551736,0.9585405915577544,0.35524662169288684,1.038407580090889,0.20486057914381375,0.4261591143310934,1.9895552532860106,0.34616418823309275,0.2304479503123733,0.5752563523476317,0.2719206156999046,0.030522526140222817,0.023427763179444165,0.24278481745754743
proposed (45 mm x 5 in),59,False,False,False,228.75,38.878217690903114,9.395187231596287,118.53249379063051,118.53148295885694,28.212318158201963,0.7558404925985698,0.0,0,14.826268314605644,0.9044403504715128,0.023856683688724126,0.07359320764441146,0.3473605362716861,0.4573397804747716,0.5425396259484259,0.2639750550206416,1.909675890677123,1.1545824384442924,1.0371805473939395,0.18058803659176573,0.24457380532378226,0.3361247292010786,0.2639362404770412,0.015657267295047732,0.019935781461193826,0.18912427411628602
